{"cameraMode":{"drawMode":0,"name":"Shaded","section":"Shading Mode"},"sceneLighting":true,"audioPlay":false,"sceneViewState":{"m_AlwaysRefresh":false,"showFog":true,"showSkybox":false,"showFlares":true,"showImageEffects":true,"showParticleSystems":true,"showVisualEffectGraphs":true,"m_FxEnabled":true},"in2DMode":false,"pivot":{"x":5.199164867401123,"y":2.183497905731201,"z":18.956260681152345},"rotation":{"x":-0.25770360231399538,"y":0.021155396476387979,"z":-0.005643706303089857,"w":-0.965970516204834},"size":16.758737564086915,"orthographic":false}